{
	"setting": {
		"urlCheck": false,
		"es6": true,
		"enhance": true,
		"postcss": true,
		"minified": true,
		"newFeature": true,
		"coverView": true,
		"nodeModules": true,
		"autoAudits": false,
		"showShadowRootInWxmlPanel": true,
		"scopeDataCheck": false,
		"checkInvalidKey": true,
		"checkSiteMap": true,
		"uploadWithSourceMap": true,
		"babelSetting": {
			"ignore": [],
			"disablePlugins": [],
			"outputPath": ""
		}
	},
	"appid": "wx7dfbd25313ebdd2a",
	"projectname": "%E5%B9%B3%E7%89%B9%E4%B8%80%E8%82%96",
	"simulatorType": "wechat",
	"simulatorPluginLibVersion": {},
	"condition": {}
}