{
	"projectid": "1110096748_%E6%9C%AA%E5%91%BD%E5%90%8D%E6%96%87%E4%BB%B6%E5%A4%B9",
	"setting": {
		"urlCheck": true,
		"es6": true,
		"postcss": false,
		"minified": true,
		"newFeature": true,
		"autoAudits": true,
		"nodeModules": true,
		"uploadWithSourceMap": true,
		"uglifyFileName": true,
		"remoteDebugLogEnable": false
	},
	"compileType": "miniprogram",
	"createTime": 1575453801978,
	"accessTime": 1575453801978,
	"packOptions": {
		"ignore": []
	},
	"debugOptions": {
		"hidedInDevtools": []
	},
	"qqappid": "1110096748",
	"projectname": "%E9%87%91%E8%8A%B1%E6%94%BB%E7%95%A5",
	"qqLibVersion": "1.3.2",
	"scripts": {
		"beforeCompile": "",
		"beforePreview": "",
		"beforeUpload": ""
	},
	"condition": {
		"search": {
			"current": -1,
			"list": []
		},
		"conversation": {
			"current": -1,
			"list": []
		},
		"game": {
			"currentL": -1,
			"list": []
		},
		"miniprogram": {
			"current": -1,
			"list": []
		}
	}
}